id,场景,综合分,是否暂定,切题与一致性,问题解决有效性,语气与情境关怀,事实依据,服务缺口,事实状态
case_01,取件困难,63.3,True,3,2,3,,True,未检出可核查断言
case_02,出行适用性,68.3,True,3,2,4,,True,待核实
case_03,退款进度,75.0,True,3,3,3,,False,待核实
case_04,产品故障,88.3,True,4,3,4,,False,待核实
case_05,服务投诉,88.3,True,4,3,4,,False,待核实
case_06,优惠券,63.3,True,3,2,3,,True,未检出可核查断言
case_07,账户安全,88.3,True,4,3,4,,False,待核实
case_08,商品材质,80.0,True,3,3,4,,False,待核实
case_09,退货运费,63.3,True,3,2,3,,True,待核实
case_10,取消订单,88.3,True,4,3,4,,False,待核实
case_11,换货,49,True,2,2,3,,True,待核实
case_12,物流异常,63.3,True,3,2,3,,True,待核实
case_13,商品成分,63.3,True,3,2,3,,True,待核实
case_14,功能建议,88.3,True,4,3,4,,False,待核实
case_15,重复故障,68.3,True,3,2,4,,True,待核实
case_16,商品对比,55.0,True,2,2,3,,True,未检出可核查断言
case_17,多事项进度,63.3,True,3,2,3,,True,未检出可核查断言
case_18,产品故障,63.3,True,3,2,3,,True,待核实
case_19,补货,63.3,True,3,2,3,,True,待核实
case_20,操作困难,75.0,True,3,3,3,,False,待核实
